<?xml version='1.0'  encoding='iso-8859-1' ?>
<!--

THIS IS SOME LEGAL MUMBOJUMBO IN SUPER-XML OR SOMETHING.

-->
<rdf:RDF xmlns="http://web.resource.org/cc/"
	 xmlns:dc="http://purl.org/dc/elements/1.1/"
	 xmlns:rdf="http://www.w3.org/1999/02/22-rdf-syntax-ns#">
  <Work rdf:about="http://lwp.interglacial.com/">
    <dc:title>Perl &amp; LWP</dc:title>
    <dc:creator>Sean M. Burke</dc:creator>
    <dc:type rdf:resource="http://purl.org/dc/dcmitype/Text" />
    <license rdf:resource="http://creativecommons.org/licenses/by-sa/2.0/" />
  </Work>
  
  <License rdf:about="http://creativecommons.org/licenses/by-sa/2.0/">
    <permits rdf:resource="http://web.resource.org/cc/Reproduction" />
    <permits rdf:resource="http://web.resource.org/cc/Distribution" />
    <requires rdf:resource="http://web.resource.org/cc/Notice" />
    <requires rdf:resource="http://web.resource.org/cc/Attribution" />
    <permits rdf:resource="http://web.resource.org/cc/DerivativeWorks" />
    <requires rdf:resource="http://web.resource.org/cc/ShareAlike" />
  </License>

</rdf:RDF>

